0.011689719621322732	-0.004018295435315509	-0.01308894188264301	-0.011066878613834033	-0.029972834024449876	0.018117312928939873	0.04974577989424572	-0.013516025417363766	0.009945164444789307	0.0031544772039239885	-0.11085697284332072	0.05044709510943973	-0.0027751615145379972	-0.002245159053490828	-0.009266751885913712	-0.7660314790940239	0.03299041088668734	0.007983803380720345	-0.015418436457984408	-0.0077793816040641894	-1.8751972343097518	0.006620669515114435	-0.0634275941761759	0.00369027383344116	-0.03493668281665351	0.00402337520121854	0.0006750902352242132	-0.01367426976263297	0.011851545083252792	-0.020935675485322377	-0.00883917867547069	0.000593119132782019	-0.006576820924277647	-0.007638301833600921	0.004627360587556691	-0.006062267406309518	0.004811029064230249	-0.006147062398810968	-0.0006778855984948393	-0.00047154872877242475	-0.013817846655689175	0.006114508118113356	-0.009136134870178957	-0.010181162678134641	0.026497365222938295	-0.03381409814157071	0.005832748916548644	0.01949001058376184	0.0011698154710114267	-0.0060352138919189495	-0.006022420625890165	-0.014590873775960207	-0.08332900870215947	0.042422191200343635	-0.004484707024795974	0.0103880967453887	-0.016630875172538966	0.03521033293883943	0.022824784660532442	-0.08076691625811429	0.013764879677565161	-0.005011653208500758	-0.023145401626639975	0.0012748067919473099	0.005015227898230268	0.023868921115244107	-0.02142863618614238	0.00013948183924014206	0.002367914626300526	-0.008053224269795344	0.002321549056345885	-0.0022424908229201454	-8771576670654857e-20	0.014628270063643528	0.033397028302170326	0.0047893680411389096	-0.02022697546925363	0.05520771621667603	-0.005394244033281379	0.010357165441492013	0.030274447133004725	0.012767559811979655	-0.00192557218571634	-0.08475625825508787	-0.047415211807394345	0.0036089167515599785	-0.02373832773823345	0.011392867485892053	0.08544617845594978	0.013781137592007348	0.0057424037885546245	0.015571891475358323	-0.02733467364722069	0.0003357529543262963	0.013672564077367104	0.0017035715287062121	0.0035037660714967262	-0.007193526552493293	-0.10905127350347008	-0.010464853984097185
0.13562745341566632	0.02596556565099415	-0.0006920996279137194	0.0021520155368889636	0.0057038849380993935	0.008641675879080723	0.004523382511899546	0.006644354093699051	0.004858740540632561	0.051025435621992174	0.005302385176978263	-0.004951722103675312	0.048830921569342364	-0.058686499745084796	-0.00801588346915599	-0.003289542642878556	0.023465179647586	0.013568422537187624	0.002625229789039707	-0.006913949330572969	0.0016409659534865426	0.002678024780231721	-0.005046472642395803	-0.10341773742514164	0.013149226648497537	-0.011806646853078017	-0.08645391295897946	0.006510040799316035	-0.003387542423127945	0.032825651818778515	0.008779147638246271	-0.022100430934630974	0.008362236435274862	0.003920559628055692	0.0022437257959648025	-0.0004749587487707054	0.0010197908458198302	0.012900126525174504	-0.010650665841546985	-0.00761730633095845	-0.03315651347681168	0.0074197049309630845	-0.010848899769563219	0.010680318741609176	-0.002699533130036566	0.0036347938217711835	0.004339440482979005	-0.004006758244875884	-0.027391444002196275	0.010734643455793821	-0.0008981518550193736	0.007395503131594968	0.01187790128814482	-0.029486298123647177	-0.00029074975012458975	0.001557359054372322	0.009714297683954683	0.007745832970312423	-0.03681134754285434	0.006979720573190339	0.09668893283096196	-0.006662916005018464	0.0017972604756764053	0.0016911469357148252	0.059056244994525435	-0.011435086620525187	-0.019426583370165788	0.00728308446044557	0.01208088218425438	0.023742386987175818	0.022726048352494334	0.013693034102379846	-0.0024140139929277665	-0.04211156719081748	-0.023608392046109355	-0.002023678822874483	0.06291587923357612	0.032285120116520565	0.00481695180421166	0.0038170487101225046	-0.01243607670751738	0.006400305005576587	-0.02439580888230189	0.0065219413178417155	0.004063089668530734	0.015193657609130107	0.0026114927375097694	-0.011059136549693517	0.017516557901033868	0.002583852850865783	-1.305478385029695	0.006198639212895457	-0.0025208103796543722	-0.061045724625379404	-0.0023738321379418665	-0.0077781487113239185	-0.0013700174333449338	0.008060250391079523	-0.001719654034493452	-0.004601143424936766
0.020244766367824765	-0.03196803007886637	-0.013336569557593408	0.003840516881098527	0.012082464268792758	0.004251632966018381	-0.023829248146080718	0.012699214125478725	-0.003692859956849292	-0.00032585084572636126	0.03990242581215531	0.02105960524718435	0.0059042425811663265	0.003015286364891203	0.0006472828144460305	0.01851337830670953	-0.04103911746422859	0.02154515200447249	0.018519794308980247	0.008278892455249551	-0.020138322651583353	-0.005003905748157039	-0.008366147218381779	-0.009196039937060583	0.004432618785431819	-0.02445590386162169	-0.02038569849671623	0.004681112572712019	-0.001961164039969617	0.027962946749319623	0.020515911790757742	-0.03648221385300614	0.005767674547082926	0.009209187416688679	0.01604413778553085	-0.0024303789893322073	-0.01552358863202317	-0.0017771611659785965	0.09082002522820667	-0.04331664841647132	-0.04089080209480288	0.01652186577907233	-0.0026034280467298744	0.037196734849394696	-0.0015546937156306704	-0.0009563637077478621	0.013514672449848853	-0.012156995689361055	-0.04453109319403298	0.8331130150362104	-0.039865824509469995	-0.014673535888860919	-0.07243587198274845	-0.005261849754200677	-0.0022669615274236413	0.010430426403134239	-0.0037512797360857953	0.06152174568513963	0.00885846255737875	-0.0031828279393303857	0.02863774324122149	-0.004198601404691545	0.019543948574508908	0.009415956334341303	0.01712130655365297	-0.011696976091922785	0.009131330984020322	0.0013010468952272083	0.025515499307767652	0.03527480884761096	0.023426946859590056	0.2696983795199843	-0.014987784061631891	-0.0024113120609072967	0.005814520093596774	0.0033908847670210697	-0.003948112685790662	0.025023308190990544	0.00920309413012958	-0.05215519282715734	-0.012853193937529967	0.0295980719302584	-0.006566725979623429	-0.9022889249145731	0.9940239237793176	-0.011493248542020593	0.0038594486124749377	0.0038102403655297023	-0.00041630265364836277	0.0038418489009146507	-0.6100512116231659	0.028302441985717252	0.08180934185753658	-0.038432184869775204	-0.0043614924449348535	-0.004178538044350342	0.0025713300368139184	-0.003993104960714718	-0.017102230936750114	-0.011566271104397634
0.014019175402558804	0.06624298260283824	0.011461723314756417	-0.0055615069408627375	-0.003563464391510098	0.016170292830241968	0.004968290681013001	-0.0010326052644550486	-0.002656126512255696	-0.009555284026326388	0.018006560148102393	0.08628386130451368	-0.019519924291643394	-0.01885419640393506	-1.3324919809419162	0.009650913441308992	-0.001274137347420261	0.006772027182694562	-0.014863385538824823	-0.013127783840996896	-0.000918087809609399	0.0064091091076336655	-0.08098750810801045	-0.010501391810738623	-0.18685719629449044	0.010544511640811176	-0.011216041515475108	0.007481816069487189	0.0013230538994623987	-0.019861628565076884	0.007485159585541502	0.012240546741468915	0.002162602380816242	-0.0031020098545740107	-0.005397943610149032	0.011994170416654413	0.004163650383290603	0.006448727834901384	0.0017476615231917254	0.012834948796338896	-0.09384406473877684	-0.0059818266076757335	-0.010827276864352212	0.0015714301626679852	0.01701335739001971	-0.042972466257352446	-0.012817205781969612	0.004922709172299518	-0.014331132083580719	-0.01033045059627673	-0.021340907012377605	-0.023210710868181494	0.0016513332790603138	0.007999607731884075	0.00784133281896395	-0.001468744668983448	0.053239565626905426	0.02161649071106247	-0.0017216840317132714	-0.129710740222881	0.020307861315389548	-0.010423877211602577	-0.04932551043445129	-0.009744353628731228	0.04185889008650017	0.0569683091071404	0.00039124647427250326	-0.01826354305974156	-0.006603568279622739	-0.020825084660763615	-7721107264883584e-20	0.0002198867053914256	-0.005858037639496055	0.0001395775845806222	-0.026314309727250323	0.009823088082897669	0.0007206445328571102	0.009029935703595202	-0.06142019068455196	-0.0021438326471770485	0.0850110768658299	0.006608571452395978	0.012222792019431779	-0.024629166370668837	-0.04200793552515266	0.003194820284986513	0.02660688151740858	0.002868006420041613	0.019700675873356558	0.004822668074303696	-0.007709392487003263	0.006542003690175719	0.004100838540325374	0.018601624440334988	0.007491042401734929	0.00442858474848894	-0.009295733001694373	0.012668895053169872	-0.0036897854926818043	-0.0015091804771363605
0.01738746263337414	0.0033485227713811196	-0.003825400842319152	-0.0015994676901649552	-0.01686931012901035	-0.003963225781874865	-0.006898521882286642	0.036617010627460464	-0.011473046162343471	-0.007277520433168481	0.014480503359920476	-0.0025498779865924465	0.01795891323597516	-0.0010764134464878075	0.0012270101798760845	0.023604148815950694	-0.013314246920706076	-0.05280486233531744	-0.02147584523382182	-0.10065688098618682	-0.0010359720838594758	-0.0013868212308635387	0.06661624441887902	50194136993122576e-21	0.0028839955234698984	8782967918758614e-20	0.015654057761627507	0.04581384368026477	0.003444934633711685	0.04293332284038377	0.03137484283307908	-0.02515527821678737	0.005147322561343187	0.00819278984233822	0.0006716630078521067	0.0020628270180436427	-0.027519024481674034	0.09698712828836072	911416318001375e-19	-0.006476291823841184	-0.024846034359157162	0.0095257396654584	-0.0038917844199835403	0.015072688246707556	-0.049401512174051816	0.00509843102875114	0.005639164820409135	0.0064049059612632745	-0.04314713560675434	-0.008192931777150882	-0.016433155655088523	-0.005626863761260824	-0.004724250568389204	-0.05320101677624016	0.0031185155194221525	0.01125266545070243	0.009365444022641342	0.05687219848410739	-0.003750345861112722	0.001961791034675332	0.05453309190227791	-0.027539262788205877	0.008605565753524754	0.01655347407011656	-0.004462290299013974	-0.06393701889265338	-0.003759247638505178	0.024852854533253612	0.00030962147766004904	0.04472411150092974	0.10464171027704154	0.1248638671201949	0.056230966262286956	-0.021230870723960946	-0.019988211941547807	-0.023417049879648676	0.00698947644815542	-0.008678981995743363	-0.00683020130424462	0.0455078473604852	0.002486790777359132	0.007160283431066728	-0.036984722607257665	0.012610338789258952	0.002079154099804075	0.001025467008923327	0.007121293216815751	-0.01175580260301601	-0.005685583271944191	0.002421597532973431	-0.10437829334836257	-0.00960566500214303	0.046238217105823605	-0.03733892086027898	0.0012698662790390047	0.006755906924758363	-0.011920181186701573	-0.027196201928255708	-0.005664960827639083	0.000672916301823712
-0.007102763348838151	-0.012988573360922271	-0.05613306473039973	-0.0033226216164538415	-0.005146308120264934	-0.003423092588053091	-0.005284913462573024	0.025716736473615952	-0.0029298213307974107	0.00560438545623943	0.008000066369177078	-0.005422679132098194	0.027525449116681804	0.020169591101472314	0.0066703373304040775	0.004902077680812381	-0.015162077546804388	-0.008741802749485746	-0.0050929123265081935	-0.008119137009939199	-0.0032355137068622365	0.004739960404775032	0.019089276514390355	-0.007136669131992721	-0.0030772169286477267	0.011304067386758297	0.0091484498303097	0.031318004268069806	0.010946191577241261	0.0783446228403244	0.024248733047214543	-0.01685940744710595	0.005480056551855034	0.006584677897366932	-0.013625560142842582	-0.006751362725915082	-0.0034197780270758993	-0.014441086789277385	0.0003337752990483941	-0.04236444453383294	0.00576180318955329	-0.030465594829755808	0.0027659300913068377	-0.0005343299436583436	-0.009154890814081162	0.023023281727900465	0.01307370904856413	-0.00031275428853037846	-0.007522638315400763	0.14327013966554963	0.023759308915189584	0.009546881686840715	0.0003734283980186705	0.005527760030575519	-0.003506430821087281	-0.005778598710852809	-0.01654333657986871	-0.09539600407465737	-0.009203323523154252	0.13898034582639246	-0.020245595628674493	0.020340195065140045	0.05196190358291822	-0.012647378436404897	0.0003885264896524715	-0.05551092799103361	-0.03297530551705033	0.003480349253071438	0.0006820852859769997	-0.00033145707742283264	-0.011792795160890561	-0.011994494003557532	0.2213103628477056	-0.035722125224186004	0.002670574455004521	-0.04538753848028288	0.007834302296259322	0.0040639121739916104	0.07032696871993348	-0.010458997641428243	-0.022643249851041405	0.023448339836402723	-0.005895289042431817	0.007099035583521496	0.011963771662503859	0.0015854999000271734	-0.027395142557046104	-0.0016715139492650844	-0.009757532932133417	0.004977215714196045	-0.013869829823972592	0.008095666110005034	-0.011488857156026464	0.023211317560562723	-0.005844995554399084	0.025137217081202125	-0.02027992084001107	0.024284096424225358	0.0029029345618172197	0.006505114695590046
-0.012869303448242496	0.0609293405825171	0.003259457002953993	0.006720841382188533	-0.04245379367844093	-0.007530867274432978	0.0001753180135635925	-0.002246565133273261	0.009471887951094328	0.0010875414279928912	-0.0007868022102906146	-0.05039165634673451	0.0020041928756933435	-0.008553309364945891	-0.013771088358257133	-0.01663724064272257	-0.016586262361054996	-0.007775788119223079	-0.014110285565083744	-0.030179551180056125	0.010434626668194629	-0.0021450543241883255	-0.008886034098186136	0.007212521692805044	0.013752953109130094	0.019031061299834198	0.0023311459287987998	0.0841460801315664	0.005781117170565372	0.02675349865298134	0.04699953591049537	-0.008830843722032092	-0.0030207148349211126	-0.024913718996617765	-0.08708825300065547	-0.0001672403090859781	-0.04123099805863475	0.002745362781700775	-0.00010368283739165413	0.01297758330876456	-0.04132962287019139	-0.6828469666542177	-0.05582805058637068	-0.015509914177801102	-0.008566798412665154	0.009882576851513971	-0.03424413047805395	0.011891723134567192	-0.008439835671741192	0.0124665489184979	-0.015646554286172353	-0.0017708081623731625	-0.009847007565341149	-0.015707485645666302	0.011681078323758162	0.008051114249059839	-0.047532129527124024	-0.011418351404350434	-0.0006289855117939769	0.03740243181042159	0.012940860923414071	-0.04042809171359867	0.012909502969748746	-0.010207985922388642	0.023913838650118566	0.0027991057524492428	0.017627833372971604	0.0033256141652772326	1.12077310685474	-0.005007347369240415	0.02225851352212836	0.013715910810424434	-0.011532669575280948	-0.006120583971025668	-0.007153807507990348	-0.012683310718143345	0.0009725057737892778	0.0006151503573414218	0.02367817379624313	-0.0012041360776606069	0.0006331716670688504	0.00718339089776578	-0.04533559111243511	-0.025215737819377186	-0.013125601418344953	1.273733868854301	-0.001882242686465697	0.00037378673043751156	-0.021009458747989214	0.0043019627270274	-0.027182124985206876	-0.012837255720663701	-0.024864276720979607	-0.0009042005166653268	-0.004765573613529499	0.036508705799723255	-0.02555065900436972	0.5413323468576396	0.0054631847922133195	-0.0025493092868435607
-0.006055645565066108	0.005861775820134693	0.013121246010091656	0.0073161110664961265	0.03664679150258978	-0.009907766348619297	-0.014613824700349411	-0.012356353949520128	0.004811839647334329	-1.0890831895523587	-0.001022533355654983	0.010744118460867851	0.0053428393697765916	0.003991170947163143	0.004469464549320839	-0.0010514577607759034	-0.004133450646627563	0.027731866896547712	-0.0017961834065434576	0.2513827114046064	-0.0013793359287190506	-0.8572784299973242	-0.0199131216335618	0.018753703454475513	-0.010323926253405979	-0.002794164740572811	-0.01735032830674962	-0.02037967370274271	-0.027831576638215266	-0.018856302262742694	0.003799567545035745	0.008442668227267918	-0.00573696820825954	-0.002390076455247303	0.0005528359066423956	-0.010519761760033443	0.007572950624158955	0.0337009186153815	0.013091415823533358	-0.02182423109019808	-0.004955968640590139	0.01327310367933306	0.016045622632141314	-0.0382877003890037	-0.0014111178297300866	-0.04163163736063508	0.2215033289462867	-0.0018097284833310599	-0.008452775339959978	48816822394278594e-21	0.013587854651368334	-0.036018345509236785	0.0006276101140546725	0.03237745784615519	0.006071503014018737	-0.01635947398784186	-0.01335563736569166	-0.0010329140687271616	-0.0006805792979392227	-0.05464994245016924	0.0028740228269418617	-0.016608478429785134	-0.17371375950852685	0.007875510397864332	-0.003821624792980658	0.006641637623674999	-0.012034376301110134	0.003876205891532422	0.035089774591925506	-0.012869026386272308	0.003543982131305969	-0.010446968393019961	-0.009409084097174955	-0.0069818625163816225	-0.014428878888736075	0.029443173389153525	0.002628476415182976	0.015664326903352344	-0.024827061366287036	0.02248153162936539	-0.012888812219672752	0.0011421249371002815	0.0596108426985485	-0.012032329123949153	0.00634864866171181	-0.007153534078578628	-0.035515194664259765	0.021224990202334086	0.0024148249190388427	-0.0017860042976738401	0.0013069482938222476	0.004268304718068309	0.06884777760605967	-0.02508371924909633	-0.00017639964540350878	-0.0007736642938291421	0.060728129960483504	-0.007530049069627173	-0.02052496886891292	-0.0030765820162242294
-0.0032424498909631836	0.052086954928879346	-0.004582883915774741	0.0028404805600245773	0.09692323610742908	-0.00045581451582295696	-0.0161110432470331	-0.0019368243874170368	-0.02859563599669164	0.0014316509337066882	-0.0631080705642948	0.024104176161863045	-0.007405331876320057	0.007355400783390717	0.003584490095274226	-0.015778281955557947	-0.0009159978915187516	0.012880193605689911	0.02189102988628687	0.04433441937656853	-0.024515371896406395	0.006193649161429139	-0.009729229980839785	0.004040015294764147	-0.000407715176822344	-0.0013627011128276025	-0.02476060434662886	-0.1142772767292073	-0.03377741176359493	-0.0839737184733149	-0.013667291074868462	0.02532292360474072	-0.00028157019411722303	-0.001939421725257606	0.035939714126786905	0.013160844220563928	0.02826457051442437	-0.007490692695697122	-1.0644592978169722	-0.0010062551593193838	0.0017221371672044487	0.2601211983029235	1.7048641163121525	-0.0005943245167503445	-0.005154858539734922	-0.015443649235979125	0.010073535539779722	-0.0031139256012262303	0.015003331954182127	-0.14853287955895522	0.00885983903141324	-0.0072291454985632456	-0.023415299617536585	0.009003421834443701	0.0035475338177574276	-0.016663441830165916	0.009872237997017448	0.0044972729964064305	0.007367876743118365	-0.02889667814817656	-0.012553606607206662	0.004796143626977363	-0.001918936244142258	0.01139314913755414	-0.0400825713921356	0.0035357504525578122	-0.003070705076329198	0.00019968053688701262	-0.05002253220048165	-0.045524157956386195	-0.004913656234218033	-0.07171876149639962	-0.00545179386618296	0.015465480293965824	0.044232620281859064	0.006620108901333789	-0.004858053201589659	-0.03405945798070913	0.0008785790067489093	0.006037612143448403	0.010149393127264544	-0.0037340730114344446	0.03799488633856788	0.025876632583886772	-0.001117323442152658	-0.009417269215092127	-0.012787037145033802	0.02247685235811285	-0.015948946409471306	0.004827294557750092	0.07371456808608744	0.0011803740281544895	-0.0014720203808125001	0.021601877152978503	0.3606726742421307	-0.0016152671725302703	0.001739222398731397	-0.08580065460299553	0.01151054401505838	0.0013321608871652867
0.002685755890837273	0.00763751432395687	0.009166434443288293	-0.011173175272010052	-0.00672926586901276	0.0028091156489952157	0.010162090464061352	0.0012617955086365808	0.007368129134563411	-0.0005884412630639199	0.026589655270866538	0.0065245355252119535	0.02483992926814746	-0.025725288641362455	-0.16817001977979557	0.006569023757393653	0.016406597045185073	0.014010160417342965	-0.0358253543624863	-0.06863282246122109	-0.002082680766587658	0.0005533998161099992	-0.01921880960174473	0.004267251162833162	-0.10706050266251957	0.5044463390985776	0.008899521491896371	0.003269059277361814	0.0014372317337237282	-0.001026302943439739	-0.008596984974478262	-0.0020694947201337524	-0.003309831420358935	0.0001188542173401231	-0.0012428840435793227	0.007713089145213122	0.004870127874951002	0.0019824437825418195	0.0035312721059810037	0.01611187609016481	-0.5264454871990915	-0.0027658183956402586	0.00783456634870368	-0.004689461536963646	0.0033345069319611386	-0.006802584276189366	0.01760231644499957	-0.01097212346115771	-0.01837909613551745	-0.00287425399432309	-0.1264062564824402	-0.02096495339368775	-0.003029070630633547	0.0028246525896784658	-0.006065891041373714	0.014434446140452091	0.01678403466006378	9998604032029151e-20	0.02395458385569274	-0.01347989748696347	0.003727388313045833	0.00016471389960119297	-0.012136235418607583	0.010620212598508155	0.00427788208777787	0.01702452598327409	-0.006572669182030505	-0.00017707691456849545	-0.0030847903244274077	-0.009110266491453696	-0.005203098736113246	0.00646790554065061	-0.8589826990535827	0.0002865433531934543	-0.00444832001155975	-0.0023999586386262003	0.007814055783669347	0.014732875214629022	-0.0336431951956358	0.013061520287738812	0.011128208506850567	0.016535627279194366	-0.01756960370358764	-0.013784019466473542	0.0012123839749427266	-0.001008971408820972	0.18745826581580055	-0.022988803322740427	0.0229894424928466	0.0038733539683999374	-0.004992336682929412	-0.00213480883027532	0.006495342416858849	-0.006021213036062655	0.0005036063072568584	0.01801822938500762	-0.0016776456952866247	0.0032377938739331685	-0.022769911376281163	-0.00937381728242801
0.03485623397682559	-0.010277204795782813	-0.013630211277668213	-0.001896337233903887	-0.03449337421003135	-0.035748512073286574	0.002800829604237328	-0.9369709028589414	-0.005905869280685272	0.002208916381619013	-0.005734566467533346	-0.0357091467410738	0.02299421275412461	-0.01065679257750508	-0.004067571794278681	0.6417982344443873	0.004836786425642255	-0.020156440331442677	0.001461684117281514	-0.008843058937936236	0.00045857725460333776	-0.006818850431650497	0.18522907190290952	0.00011348405285136966	-0.0028553935828193973	0.008545675400138163	-0.007083546505107329	0.031165994615494626	0.039851228599131795	0.03580284317595253	0.015430993691743115	-0.0023480410912996358	0.005501537202562105	-0.00021573488952128666	-0.009824790065341957	-0.04574023534983143	-0.13473362341382095	0.012781561517925156	0.003355849968221832	-0.016640061083122524	-0.003046201930877413	0.011316520671410755	-0.0059286275554089884	-0.006779754706435632	-0.005077407279612355	-0.01416794974200344	0.0014000663649917013	0.01901587133242256	-0.014823220293470538	0.014767478835699729	-0.0035718638030153844	-0.024771387018736404	0.001660145347999625	-0.029645425637278094	-0.0016738505948435884	-0.010057808166669884	-0.0275199099673588	-0.008936552365993666	-0.003691079283647491	0.008319493142959348	0.032226895560749404	-0.0052403290531284384	0.0014530036864289777	-0.0060738743212129164	-0.009582122135593443	-0.008280142775816528	-0.001016524076782884	0.0009571643834173225	0.010382678981030818	0.0006519865973909228	0.04288131301084518	-0.0034263050056404258	0.003781626923830129	0.007475447878734745	-0.021221894843041815	0.009412542195424334	-0.0036188133717240827	0.0016228742931307582	0.018755964295301648	-0.0005574936640778902	-0.047698439626685615	-0.0185006581197372	0.007757449544133743	0.040774098668290515	0.0428716186599362	-0.00887890396608847	0.003088735218400206	-0.04089365174971077	-0.009828314753109909	0.020394557007683556	0.05593122170044381	-0.01586221084971449	0.020195544321289664	-0.21237472090483286	0.004398532353536297	-0.00680935808095415	-0.0008317418258208384	0.0012588868785534824	-0.0014511827355947948	-0.007296808358406502
0.0029320390800125938	-0.008994948561819508	-0.10190374367545196	-0.005840573642805666	-0.01348703156705537	-0.007430363071017609	-0.004082567780714866	-0.0064165001585483475	-0.016268866623683865	0.0006031749630095353	586243966165824e-19	-0.03951191172502444	0.01497445794044602	0.0025929434363249917	-0.01548608106663144	0.00013811400614623535	0.007882745656790828	-0.022531626279858916	-0.010172876811948063	-0.013876871751708953	-0.0021677168168252447	-0.004158132806949655	0.0071783574993522095	-0.006963314158764113	0.019256501253572006	0.004095461429109878	-0.002903985207445813	0.01981725451705744	0.6155895465918196	-0.0021777594043016725	0.02177466494353934	-0.09116361651856869	0.006952426895405717	0.0023754476271073744	-0.04271053927634339	-0.013023942272786596	-0.002437991709835394	0.007198091503386509	0.009126814386973693	-0.005251110392749981	-0.009553929649593637	-0.0012093761452711585	-0.019085947924727703	0.003637309058039493	-0.029346945358199178	0.0028593682251564054	-0.005287096625392356	0.6696695416500057	-0.002776132102544412	0.03766985920934494	0.007592935958552867	0.004930253324890091	-0.019600943885047104	-0.011969413069971659	0.25011926376670235	0.006731677794601923	-0.004746611794337802	-0.001445109964436913	0.003064755964792144	0.0010407738607137607	0.09178663057017455	0.004084612062663098	9080547498234037e-20	-0.010913584922251285	0.004714007233178093	-0.013229239163279184	0.002690912793450754	0.027210413882807122	-0.002206065167521988	0.22572331052513997	0.11019149223993249	-0.008301651779084164	0.00136864008148169	0.011129238502320267	0.004821567472905812	0.007751437298207526	0.021085151070969654	0.006774815415646543	0.013591913797281563	-0.0005689343358549842	-0.0024118469765836196	-0.000687491280142781	0.003024311128098555	0.03330605963182458	-0.008877511184173707	0.008323145249869518	-0.01808694725621754	-0.008059869607941278	0.0050257502972941666	0.002107956754910936	-0.0034210486671618543	-0.00455976306593787	5089252622874455e-20	-0.008561290842037961	0.006772075389483226	-0.05937373320146856	-0.0057183832254942965	0.2447088722355757	0.010398682394826074	-0.012544560383521357
-0.0003916637393005298	0.038813984307569195	-0.006611856400879339	0.0525442145805902	0.024391935819124858	0.005910436986453768	0.026510600321269825	-0.01301982908730847	-0.039205639530495204	-0.00043440618361681346	0.009545367704554223	0.006580234190923986	0.007362291466881817	-0.33072496076581187	-0.0037632418094695787	-0.005424508734424054	0.002509126613880666	-0.0358297885220003	-0.10928519863168225	-0.013555455815758021	0.004526534112447115	0.002578740049105925	-0.016207672708828256	-0.06006358391231853	-0.02238559792644724	0.0017507747158720143	-0.027384528383428215	0.02372357411828989	0.03742853066941752	0.005676815167564305	0.005370425284303943	-0.031073632573195273	0.0033455942590592523	0.02103134923061608	-0.004843557966440231	0.0005358736563487596	0.1737850129311917	0.05143795535298525	-0.002228846649411669	0.007424011283613668	0.007861664873039437	-0.03667091565030181	0.00035356670020213763	-0.006200931873029982	0.0037885462019010296	0.0025130279332154773	0.015133124163005907	0.00043768178325893936	0.007961934392177157	0.009646893261039206	0.05446138950109511	-0.2928782607098463	-0.0010694644380872806	0.006739673073428155	-0.03365791703617907	-0.00669598528354282	-0.006973512599294973	0.016546585954168056	0.004512072878936771	-0.006918441861440077	0.013187160079577863	0.0035966123115237216	-0.008927717150647288	0.0007995267284783823	0.002126741590464363	-0.00586059569468453	-0.0143873713840042	0.0014162231854483777	-0.0027348481805593862	-7669291362729443e-20	-0.008404236185789171	-0.0024883690452946303	0.006914408279498774	0.025790060893806838	-0.00812599976797695	0.006162895645009211	-0.0009621471495689022	0.04957012724176651	0.00782819287584493	-0.0009700401171658857	-0.012341380180140239	0.004075228740350544	-0.002395536713535425	-0.013696535762618341	-0.02967932086452188	0.0012166437988366874	0.005781849201583718	0.003834491764556148	-0.0031036316119429034	0.007522792619741814	-0.03640671701183662	-0.019233083630990477	0.0075779890504996195	0.02084611064115948	-0.05872726029353064	-0.0077353567576506745	-0.0012387702455350564	0.01750378348332934	0.007387495110337787	-0.0029382606586068017
-0.0063582250876182385	0.05644265107659319	0.017038570547618336	4018798530783607e-20	-0.3412225250601264	-0.03449788070985829	-0.03595215378565529	0.002147209290353313	0.010727029033498392	0.0061024568257430885	-0.0004579175923690698	-0.0003458217825998285	0.028960461938296444	-0.0063402618981500845	-0.00017295225231622182	0.004114781394070082	-0.015118981223053763	0.013719325507453575	0.0028830306125278314	0.0069537235869875196	0.007901977311480124	0.014386174524511573	0.016378537737959997	0.00098701653447048	-0.006142900870954556	-0.012413521608267242	0.0051327808511745	9174431952425278e-20	0.045146596416926206	0.020068243544516973	-0.023472469995462014	0.0007941521388311632	-0.0005339717245264402	-0.00261552485138109	0.004711844038475457	0.014895029163357328	0.003986929821012788	1.046738727779369	0.013754385404016406	0.006001273372633959	0.0010575429384479538	-0.014771673578289915	0.0016623135649470155	-0.0014618632101313822	-0.000616788598265421	0.009082960294313066	0.016126679864981588	-0.07489045366327136	0.014177588394622447	-0.004274649897964397	0.021344598917236012	0.004986633812945433	0.012499266748491453	-0.0016202301811249374	-0.008776493504576112	0.005093939372927256	-0.00017125856645924283	0.018611410345038635	-0.006484449960049952	-0.00278040313482071	-0.009418162964072963	-0.004367610358865483	0.0010087672410620933	-0.01283272669491654	0.0014791272245133745	-0.05909099490920566	-0.6272210958069527	0.00782791157162439	0.0012509932500646935	-0.01996454097850489	-0.012273060050316024	0.008931350438846995	0.0017924389953243817	-1.2023242034104857	-0.03648413153571025	-0.009094060971242126	-0.009103108165581884	-0.11935199213442417	0.06904059826656547	0.020416367213883013	0.024986456929551235	-0.0026022728714889623	-0.02997507153149272	-0.0015654907402824333	0.006216206888862328	0.018307030532172325	-0.005561588427625438	-0.0010592591708053058	-0.12399645246381905	-0.02080075470897701	-0.011549935141435845	-0.05671804297226018	0.0034060842844748462	0.038838134472595896	-0.005109374819473045	0.020202849706080984	-0.005547771896061523	-0.01877490534761211	0.002681100036065515	-0.008443651834420486
0.007336236514407005	-0.002014393545839064	0.009487514008527726	-0.0009412069811429872	-0.012681623169978765	-0.004230177812177763	0.046797853099992605	-0.009761610574034893	0.0029556421372848095	-0.003828298453308455	0.012948644595696163	0.0037977083745609802	-0.004630885153909884	-0.008110595846154787	-0.007414311786731337	0.009571622851539048	0.013689463336953716	-0.004243448928773407	0.00391427100512066	-0.06943808299198408	-0.0005187416397854994	0.00745006934639949	-0.09146383929987915	0.04744604429591329	-0.006971024477095636	0.08135537036491156	0.006865076944729395	-0.13542230502079394	0.003623770417566266	-0.01738539871522632	-0.09820697928128497	0.06761706193143634	-0.01634667067038663	-0.0023425536094234998	-0.004848599563107439	0.0005883693066037429	-0.0002122502747457162	-0.014127864891662492	-0.004012888735375479	0.015096543833820893	0.012338326362519502	-0.0024340662595625736	-0.00322202465742374	-0.0036570356255340142	0.013066248372525676	0.007841810768058668	-0.019888594018091163	0.002879185897700121	9614258418545796e-20	0.002178776062394746	-0.015319098305206556	0.0008921675113035539	0.011924480048965526	0.005306088985117237	-0.00315594499542564	0.020776382980341145	0.03541181403513648	0.004992468395828194	0.12391788126703521	0.004277644067514264	0.013749160481284974	0.011310989532507821	0.004586155978602814	0.009418641651856708	0.0327336635803082	0.009489232607754033	0.0001827730206341353	0.01593795186933705	-0.01752550106023856	-0.0016352990154481235	-0.009551335588169478	-0.004401828553196146	-0.0015517736006334215	-0.0007138544262638995	-0.01691885209386049	-0.011673202921101139	-0.02600127043563818	0.012290594707474007	-0.020402755772176453	0.029631346066443603	0.010976086079518558	0.0007839381191074746	-0.027188723158691107	-0.5272332577831159	-0.0030777209012285123	0.010003411097243764	0.06619292063820337	-0.034977000757476166	0.05272075277632015	0.0027241461221167943	-0.005517392625006453	0.00259842034540644	-0.0013680885859559326	0.00390680592796419	-0.0006569797067335526	0.034828909264745606	0.002800454242651018	-0.0036177405505068245	-0.0066581441289275045	0.002383203496415606
0.011752034725683059	0.012693920719478263	0.01190674256907513	-0.0005987479105974864	-0.029068029680121957	0.03300923160639945	0.032762522559932394	-0.010911203689487444	0.01035136680344931	0.0008012836841081309	-0.005467618029265933	0.022090086272768844	-0.020083062345402518	-0.03120459661372628	-0.0018124180860022768	-0.001061427280921676	0.05172260927521139	0.02696554333419992	0.0013268269958011743	0.0019528857344638076	-0.004219623813182314	-0.00294351617205595	-0.021189474171549635	0.00773969413688763	-0.002019387253590742	0.014519758858313062	0.008966143102408407	-0.01630434478660388	0.003848802057968023	-0.07410755442086212	-0.020098364269652825	0.009794326919449635	-0.007022369309235997	0.0022711013890078496	0.03932300741966088	0.004063238824805197	0.005356539383024109	0.012211290925221881	0.0012635155189970858	0.007766526292518254	0.005763948400452065	0.0025744469475654187	-0.016268647024257166	0.011817257961481802	0.09664065537762477	-0.01059981279307255	-0.0039086025252105866	0.0006977473790776651	0.01353920068994347	-0.021422061680727644	0.0034963209010539253	-0.011758805728770038	0.02737851900726296	0.024300127722878817	0.018112038640826906	-0.013113616481540745	0.004640703014295966	0.02661913953931892	0.006859368207884913	-0.0421034031125212	0.0007924740899159768	0.0027205501640323597	-0.005886873648782758	-0.02896348804663127	0.011436435263264834	0.09330573373298127	0.011273852060868873	-0.0013663191730146484	-0.00773122174882333	-0.00987733416458654	-0.004089224483610408	-0.021569242209577934	-0.004061353147986505	0.00833695407228049	0.0029759332704362815	0.06423475792758479	0.024665827679142383	0.19857074927618398	0.0026901349252829872	0.06220041640604037	0.005378344167777948	0.009370598047507419	-0.06330600317820732	-0.011810120997858307	-0.00037633319024316634	-0.030881774785912544	0.018002932459412965	0.0025621385611496357	0.016019877893831073	0.02142275609093862	-0.005894366587178389	0.01593054713062836	0.003996911510728738	-0.0016308756934352404	-0.0027685250394047897	0.02976349785927334	0.10006234101401594	0.004658180507027631	-0.002327737642334599	-0.048927803144520894
0.0008798661254703205	0.01211983293000432	0.0005201312212342219	0.0005309769270578679	0.039893965864299975	0.0034709273841345136	0.04774176806435001	-0.001535810035244738	0.035910755426871006	0.0035975188400359315	0.0016364293772949856	0.04150456463577064	-0.09497817252474738	-0.004860136291098341	0.007221327124751185	-0.00460996760603241	-0.0013763865315622114	0.01733953170280669	0.016162942662983074	-0.0022558537066041367	-0.003459671448621456	0.0003912808561211889	0.006727501537441675	0.06527189814126742	0.08617167435184404	-0.0024626673405676205	0.11120680006354147	-0.011579318212843305	0.04363846448478902	0.001006252013522308	-0.018444197161890143	0.07114046815281913	-0.008689932655173952	-0.013910315447518307	0.004281999515099861	-0.0038021318362659582	-0.003987141407523524	-0.01836861443339304	0.008914893447689228	0.010563242487304886	0.1765769953210235	0.01295323914433497	-0.001229808422291243	0.010430327509425037	-0.018512294226411822	0.008930819198623098	-0.015937326056767544	-0.007352357906776081	0.005282722944147	-0.009406985998531231	0.02491417861844863	0.07821654427105384	0.002382137325481802	0.010125327901707294	-0.16082812727514884	-0.03849693419263463	0.010871346289133563	0.00161960630173053	0.017377547462291556	0.015264753429976843	0.0006426080294302109	0.010590992845236149	-0.007566404879482512	-0.012490986001795375	-0.010395954893620689	0.03353557176726049	-0.015708551899938136	-0.01076668306358946	-0.012319884020161343	-0.013565585888536102	-0.018657563447986962	-0.010623114082495506	0.0019622302335868032	0.009151957526441231	-0.0010503115672442288	-0.0017742798637111628	-0.004547456434258167	0.047621471457187634	0.006165055395979389	0.0011968230999490988	0.022954283447377776	-0.019741770244390652	-0.03415937869325183	-0.19219999184548098	-0.037724160781164605	0.0008209958016277602	0.0019204902077382565	-0.000714518053713883	0.012581785243317234	-0.00393064153838782	0.00032347369978602677	0.00420493478532455	-0.026142794530336293	0.00548331518438192	-0.0028790998499354297	0.28663896657979937	-0.0012834149209491022	-0.003486058660929401	0.0019798033009893502	0.0008375446324805785
-0.01035537337324441	0.022777182319306668	0.003966804127487315	-0.03337397203310928	0.005237344688146122	0.006763293357961858	0.06593955788919399	-0.0017532084601731039	-0.009316275661799035	0.00338764476886964	-0.0013145807253727114	0.032858040071044314	-0.012214737887198571	0.012767213905029655	-0.007895899217660316	-0.005918902075221646	-0.0011955046280946726	-0.012769381861311291	0.021189758480485182	0.00277702062227582	-0.014315918644047626	-0.0010953373818060788	0.019140402933541512	0.12079382977882556	0.03258689295038762	-0.006494169488657459	0.007329650162716773	-0.06733987710167409	0.017956372108065444	-0.010822291377620027	0.01610023791001371	0.018050032063189857	-0.0007720695704919836	-0.0071440447046475335	0.04183816532832511	0.008057126930027782	0.05719688831178847	-0.002200298540979905	0.008065423270573137	0.02092969535176212	-0.0033432182455351294	-0.015799187619796408	0.025426284472299485	-0.04051282096556196	0.04759263042505386	-0.008640617477393928	-0.04263289554895482	0.013403820378541651	0.16724637348494742	-0.011692848222598282	0.062233572585091816	-0.008127202067632623	0.01658434754621314	0.007807559204281496	-0.02451836073077666	0.028753789286279297	0.021123419348359415	0.009443872220882586	-0.03081602799393926	-0.027345284671693518	-0.11901816081978997	0.06868685125672364	0.0017801994476159873	-0.002812818608914435	-0.0019437387788249318	0.08552922626939549	0.004958780669912464	-0.014291605653669482	0.010324535197713687	-0.004612395562426227	0.011722919160814749	0.012590802510832918	0.010595297181456546	0.008522800250489022	0.025739516723675446	0.00921432185113531	0.020178898651238366	0.017597921536499198	-0.005924878769823616	-0.004483760402734113	-0.0009725813143427428	0.0012507783312509378	0.012282479128989584	0.0014361226036173713	0.016974209725388677	-0.010803989256972167	0.0065638542879496225	0.08250292614140284	0.00439624202510167	0.006283759551048972	0.0018781634799028663	-0.0005500917454186313	0.009360297748483477	0.10713501851207534	-0.005194053914820192	-0.2319471189813812	0.030735582319829854	-0.0022963440770661318	0.01473146952314621	0.016626886932090964
0.005584585524102099	-0.008042225711973133	-0.10072318483589245	0.0022027298079904545	-0.04328587211264412	-0.02958604199704124	0.0028721972375664565	0.0003892720632910231	-0.008128964641436798	-0.001126581667670346	0.0198883494721283	-0.015631199934177904	0.08226765513361768	-0.021461288487652434	0.0026083088714209174	0.03389156120802921	-0.013993335831581962	-0.3677767550029362	-0.013081023867522303	-0.03864275193725315	-0.009754578928042937	-0.0006729962918548502	0.0014983339606557604	-0.02266005074289195	-0.00399626112152107	0.01084947779637233	0.017240802576565992	0.051159546592667554	0.08510673204510989	0.04138647784633182	0.01902361008385646	-0.012938329977871442	0.011120171034000316	0.004573626166208918	0.0017030328620508814	-0.046170416373592336	-0.03557241057683706	0.06510392144006737	0.004380471667942708	-0.027868788256576807	-0.015039133159088452	0.03089741924694292	-0.007449270806632788	-0.0011779380553171928	-0.0361366634943945	0.0010421334189929601	-0.0025395130760864043	0.031010739728637438	-0.01330107976627915	-0.0030701122577390313	-0.013198471329847404	0.011684208561041881	-0.013468670414819545	0.003708103515019205	0.1056830303393583	0.02321037013761778	-0.0015647466224516314	-0.027691747036360976	-0.08154584602315994	0.025871494224552812	0.08713782082642925	-0.004146510700348891	0.0092463541379747	0.004563157202269117	0.001068285028309544	-0.0033641009462930553	-0.0017064329243825492	0.0058447735011729245	0.04643798657174956	0.020292064578060626	0.022351454818312612	0.009576366719068832	-0.018434296437250263	0.007882608573362922	-0.0100199586188042	-0.002964067310956822	0.003486111138391534	-0.0002540298298392193	0.010471683231565092	-0.0017485861710559	-0.0457073530744428	0.0011956867915201344	-0.023513841826822573	0.4383180356902086	0.013307170738027608	0.007384765533630422	0.0018908829834016602	-0.05090709985827331	-0.01445082798489997	0.013779946633496543	-0.0007818249933027211	-0.4494379243447489	0.1458868693055442	-0.10712607019058357	0.006886185326280611	-0.16893097308504934	0.0006486791281377663	-0.006285850617223906	-0.006030904201361973	-0.002473512201443001
-0.1202396131841935	0.026695446950564704	-0.0002550577598384795	0.01442396570279216	0.003487753210501081	-0.001286046218963704	0.14262928268811106	0.049484814002359115	-31218097723618434e-22	-0.001174513282907277	-0.020072426815480875	-0.026620452302943957	-0.018125257772676418	0.005326181422565292	-0.0001710864585839391	0.004534964359272117	-0.029039135695952248	0.005852703657393193	0.0033254368078619373	0.009112454504014484	9149121552994916e-20	0.005892824674445042	-0.0005237232846791826	-0.010120313072847914	0.015693636315387734	0.0014108913640698004	0.011188504212590402	-0.009666011525404927	-0.00828469866779154	0.008160491477432816	0.0026977415497225136	-0.013265712867561806	0.011263583148987765	0.005815924021434823	-0.005049305419886158	0.0038089127450885297	-0.00048150284374394713	-0.033962389819257886	-0.005175225969061458	-0.0019535720361584857	0.08690931637835135	-0.008024471974762422	0.021091633961268	0.031591297856034775	0.004365186587454029	0.0031569265180907153	-0.0032563294686756	-0.011353390385571436	0.03215432643396083	0.008094248127401497	-0.0027303964075235244	0.07447950094380887	0.0031572679844862005	0.0018100448502291568	-0.007297780710619744	0.010172628655726471	-0.0045648632030494095	-0.006172530094958398	0.0035093845222249984	0.014538296401801298	-0.010374342825317477	0.0689648541255753	-0.004065658150507682	0.014595817249378284	0.01989568853960755	-0.011633006660498216	0.012413865526514944	0.002316912343608656	-0.0035597388364176194	-0.022726920241964207	-0.005616619630275233	-0.006727093285301912	0.008280211029500011	-0.005429580169214497	-0.01613825770515658	0.003404001213588688	-0.01525111988377628	-0.014892695682745958	0.05393892741154192	-0.016254530810980165	0.00041415175661922406	0.0033440787067153324	-0.0024796504441896416	0.006480095441322545	0.007856154456198979	-0.002295840013996425	-0.014860822957879985	-0.013342967611860037	-0.0035530366697305547	-0.008148197067271974	0.001030289904893335	-0.0020911852064614037	0.001383822774625719	0.0016144984318628012	-0.0063333251584050355	0.006596243571489732	0.009004027158859501	-0.04574818448742114	0.027420568949200166	0.008600534890606037
